1;134,66;7425
2;162,07;6170
3;185,48;5391
4;206,24;4848
5;225,10;4442
6;242,50;4123
7;258,72;3865
8;273,99;3649
9;288,45;3466
10;302,23;3308
11;315,39;3170
12;328,04;3048
13;340,21;2939
14;351,96;2841
15;363,33;2752
16;374,36;2671
17;385,07;2596
18;395,49;2528
19;405,64;2465
20;415,55;2406
21;425,22;2351
22;434,68;2300
23;443,94;2252
24;453,01;2207
25;461,90;2164
26;470,62;2124
27;479,18;2086
28;487,60;2050
29;495,87;2016
30;504,00;1984
31;512,01;1953
32;519,89;1923
33;527,66;1895
34;535,31;1868
35;542,85;1842
36;550,29;1817
37;557,64;1793
38;564,88;1770
39;572,04;1748
40;579,10;1726
41;586,08;1706
42;592,98;1686
43;599,80;1667
44;606,54;1648
45;613,21;1630
46;619,81;1613
47;626,34;1596
48;632,80;1580
49;639,19;1564
50;645,52;1549
51;651,79;1534
52;658,00;1519
53;664,16;1505
54;670,25;1491
55;676,29;1478
56;682,28;1465
57;688,21;1453
58;694,10;1440
59;699,93;1428
60;705,72;1416
61;711,46;1405
62;717,15;1394
63;722,80;1383
64;728,41;1372
65;733,97;1362
66;739,49;1352
67;744,97;1342
68;750,41;1332
69;755,81;1323
70;761,17;1313
71;766,49;1304
72;771,78;1295
73;777,03;1286
74;782,25;1278
75;787,43;1269
76;792,58;1261
77;797,70;1253
78;802,78;1245
79;807,83;1237
80;812,85;1230
81;817,84;1222
82;822,79;1215
83;827,72;1208
84;832,62;1201
85;837,49;1194
86;842,33;1187
87;847,15;1180
88;851,93;1173
89;856,70;1167
90;861,43;1160
91;866,14;1154
92;870,82;1148
93;875,48;1142
94;880,11;1136
95;884,72;1130
96;889,31;1124
97;893,87;1118
98;898,41;1113
99;902,92;1107
100;907,41;1102
101;911,89;1096
102;916,33;1091
103;920,76;1086
104;925,17;1080
105;929,55;1075
106;933,92;1070
107;938,26;1065
108;942,59;1060
109;946,89;1056
110;951,18;1051
111;955,44;1046
112;959,69;1042
113;963,92;1037
114;968,13;1032
115;972,32;1028
116;976,50;1024
117;980,65;1019
118;984,79;1015
119;988,91;1011
120;993,02;1007
121;997,10;1002
122;1001,17;998
123;1005,23;994
124;1009,27;990
125;1013,29;986
126;1017,29;983
127;1021,28;979
128;1025,26;975
129;1029,22;971
130;1033,16;967
131;1037,09;964
132;1041,00;960
133;1044,90;957
134;1048,79;953
135;1052,66;949
136;1056,52;946
137;1060,36;943
138;1064,19;939
139;1068,00;936
140;1071,80;933
141;1075,59;929
142;1079,36;926
143;1083,13;923
144;1086,87;920
145;1090,61;916
146;1094,33;913
147;1098,04;910
148;1101,74;907
149;1105,43;904
150;1109,10;901
151;1112,76;898
152;1116,41;895
153;1120,05;892
154;1123,67;889
155;1127,28;887
156;1130,89;884
157;1134,48;881
158;1138,06;878
159;1141,62;875
160;1145,18;873
161;1148,73;870
162;1152,26;867
163;1155,79;865
164;1159,30;862
165;1162,80;859
166;1166,30;857
167;1169,78;854
168;1173,25;852
169;1176,71;849
170;1180,16;847
171;1183,60;844
172;1187,03;842
173;1190,45;840
174;1193,87;837
175;1197,27;835
176;1200,66;832
177;1204,04;830
178;1207,42;828
179;1210,78;825
180;1214,13;823
181;1217,48;821
182;1220,81;819
183;1224,14;816
184;1227,46;814
185;1230,77;812
186;1234,07;810
187;1237,36;808
188;1240,64;806
189;1243,92;803
190;1247,18;801
191;1250,44;799
192;1253,69;797
193;1256,93;795
194;1260,16;793
195;1263,38;791
196;1266,60;789
197;1269,80;787
198;1273,00;785
199;1276,19;783
200;1279,38;781
201;1282,55;779
202;1285,72;777
203;1288,88;775
204;1292,03;773
205;1295,17;772
206;1298,31;770
207;1301,44;768
208;1304,56;766
209;1307,67;764
210;1310,78;762
211;1313,88;761
212;1316,97;759
213;1320,05;757
214;1323,13;755
215;1326,20;754
216;1329,26;752
217;1332,32;750
218;1335,37;748
219;1338,41;747
220;1341,45;745
221;1344,48;743
222;1347,50;742
223;1350,51;740
224;1353,52;738
225;1356,52;737
226;1359,52;735
227;1362,50;733
228;1365,49;732
229;1368,46;730
230;1371,43;729
231;1374,39;727
232;1377,35;726
233;1380,30;724
234;1383,24;722
235;1386,18;721
236;1389,11;719
237;1392,03;718
238;1394,95;716
239;1397,87;715
240;1400,77;713
241;1403,67;712
242;1406,57;710
243;1409,45;709
244;1412,34;708
245;1415,21;706
246;1418,09;705
247;1420,95;703
248;1423,81;702
249;1426,66;700
250;1429,51;699
251;1432,35;698
252;1435,19;696
253;1438,02;695
254;1440,85;694
255;1443,67;692
256;1446,48;691
257;1449,29;689
258;1452,09;688
259;1454,89;687
260;1457,68;686
261;1460,47;684
262;1463,25;683
263;1466,03;682
264;1468,80;680
265;1471,57;679
266;1474,33;678
267;1477,08;677
268;1479,84;675
269;1482,58;674
270;1485,32;673
271;1488,06;672
272;1490,79;670
273;1493,51;669
274;1496,23;668
275;1498,95;667
276;1501,66;665
277;1504,37;664
278;1507,07;663
279;1509,76;662
280;1512,46;661
281;1515,14;660
282;1517,82;658
283;1520,50;657
284;1523,17;656
285;1525,84;655
286;1528,50;654
287;1531,16;653
288;1533,82;651
289;1536,47;650
290;1539,11;649
291;1541,75;648
292;1544,39;647
293;1547,02;646
294;1549,64;645
295;1552,27;644
296;1554,88;643
297;1557,50;642
298;1560,11;640
299;1562,71;639
300;1565,31;638
301;1567,91;637
302;1570,50;636
303;1573,09;635
304;1575,67;634
305;1578,25;633
306;1580,82;632
307;1583,40;631
308;1585,96;630
309;1588,52;629
310;1591,08;628
311;1593,64;627
312;1596,19;626
313;1598,73;625
314;1601,27;624
315;1603,81;623
316;1606,35;622
317;1608,88;621
318;1611,40;620
319;1613,92;619
320;1616,44;618
321;1618,96;617
322;1621,47;616
323;1623,97;615
324;1626,47;614
325;1628,97;613
326;1631,47;612
327;1633,96;612
328;1636,45;611
329;1638,93;610
330;1641,41;609
331;1643,88;608
332;1646,36;607
333;1648,83;606
334;1651,29;605
335;1653,75;604
336;1656,21;603
337;1658,66;602
338;1661,11;602
339;1663,56;601
340;1666,00;600
341;1668,44;599
342;1670,88;598
343;1673,31;597
344;1675,74;596
345;1678,16;595
346;1680,59;595
347;1683,00;594
348;1685,42;593
349;1687,83;592
350;1690,24;591
351;1692,64;590
352;1695,04;589
353;1697,44;589
354;1699,83;588
355;1702,23;587
356;1704,61;586
357;1707,00;585
358;1709,38;585
359;1711,76;584
360;1714,13;583
361;1716,50;582
362;1718,87;581
363;1721,23;580
364;1723,59;580
365;1725,95;579
366;1728,31;578
367;1730,66;577
368;1733,01;577
369;1735,35;576
370;1737,69;575
371;1740,03;574
372;1742,37;573
373;1744,70;573
374;1747,03;572
375;1749,36;571
376;1751,68;570
377;1754,00;570
378;1756,32;569
379;1758,63;568
380;1760,94;567
381;1763,25;567
382;1765,56;566
383;1767,86;565
384;1770,16;564
385;1772,45;564
386;1774,75;563
387;1777,04;562
388;1779,32;562
389;1781,61;561
390;1783,89;560
391;1786,17;559
392;1788,44;559
393;1790,72;558
394;1792,99;557
395;1795,25;557
396;1797,52;556
397;1799,78;555
398;1802,04;554
399;1804,29;554
400;1806,54;553
401;1808,79;552
402;1811,04;552
403;1813,29;551
404;1815,53;550
405;1817,77;550
406;1820,00;549
407;1822,24;548
408;1824,47;548
409;1826,69;547
410;1828,92;546
411;1831,14;546
412;1833,36;545
413;1835,58;544
414;1837,79;544
415;1840,00;543
416;1842,21;542
417;1844,42;542
418;1846,62;541
419;1848,82;540
420;1851,02;540
421;1853,22;539
422;1855,41;538
423;1857,60;538
424;1859,79;537
425;1861,98;537
426;1864,16;536
427;1866,34;535
428;1868,52;535
429;1870,69;534
430;1872,86;533
431;1875,04;533
432;1877,20;532
433;1879,37;532
434;1881,53;531
435;1883,69;530
436;1885,85;530
437;1888,00;529
438;1890,16;529
439;1892,31;528
440;1894,46;527
441;1896,60;527
442;1898,74;526
443;1900,89;526
444;1903,02;525
445;1905,16;524
446;1907,29;524
447;1909,42;523
448;1911,55;523
449;1913,68;522
450;1915,80;521
451;1917,92;521
452;1920,04;520
453;1922,16;520
454;1924,28;519
455;1926,39;519
456;1928,50;518
457;1930,61;517
458;1932,71;517
459;1934,81;516
460;1936,92;516
461;1939,01;515
462;1941,11;515
463;1943,20;514
464;1945,30;514
465;1947,39;513
466;1949,47;512
467;1951,56;512
468;1953,64;511
469;1955,72;511
470;1957,80;510
471;1959,88;510
472;1961,95;509
473;1964,02;509
474;1966,09;508
475;1968,16;508
476;1970,23;507
477;1972,29;507
478;1974,35;506
479;1976,41;505
480;1978,47;505
481;1980,52;504
482;1982,57;504
483;1984,62;503
484;1986,67;503
485;1988,72;502
486;1990,76;502
487;1992,80;501
488;1994,84;501
489;1996,88;500
490;1998,92;500
491;2000,95;499
492;2002,98;499
493;2005,01;498
494;2007,04;498
495;2009,06;497
496;2011,09;497
497;2013,11;496
498;2015,13;496
499;2017,14;495
500;2019,16;495
501;2021,17;494
502;2023,18;494
503;2025,19;493
504;2027,20;493
505;2029,21;492
506;2031,21;492
507;2033,21;491
508;2035,21;491
509;2037,21;490
510;2039,20;490
511;2041,20;489
512;2043,19;489
513;2045,18;488
514;2047,16;488
515;2049,15;488
516;2051,13;487
517;2053,12;487
518;2055,10;486
519;2057,07;486
520;2059,05;485
521;2061,02;485
522;2063,00;484
523;2064,97;484
524;2066,93;483
525;2068,90;483
526;2070,87;482
527;2072,83;482
528;2074,79;481
529;2076,75;481
530;2078,71;481
531;2080,66;480
532;2082,62;480
533;2084,57;479
534;2086,52;479
535;2088,47;478
536;2090,41;478
537;2092,36;477
538;2094,30;477
539;2096,24;477
540;2098,18;476
541;2100,12;476
542;2102,05;475
543;2103,99;475
544;2105,92;474
545;2107,85;474
546;2109,78;473
547;2111,71;473
548;2113,63;473
549;2115,55;472
550;2117,48;472
551;2119,40;471
552;2121,31;471
553;2123,23;470
554;2125,15;470
555;2127,06;470
556;2128,97;469
557;2130,88;469
558;2132,79;468
559;2134,69;468
560;2136,60;468
561;2138,50;467
562;2140,40;467
563;2142,30;466
564;2144,20;466
565;2146,09;465
566;2147,99;465
567;2149,88;465
568;2151,77;464
569;2153,66;464
570;2155,55;463
571;2157,43;463
572;2159,32;463
573;2161,20;462
574;2163,08;462
575;2164,96;461
576;2166,84;461
577;2168,71;461
578;2170,59;460
579;2172,46;460
580;2174,33;459
581;2176,20;459
582;2178,07;459
583;2179,94;458
584;2181,80;458
585;2183,67;457
586;2185,53;457
587;2187,39;457
588;2189,25;456
589;2191,10;456
590;2192,96;456
591;2194,81;455
592;2196,66;455
593;2198,51;454
594;2200,36;454
595;2202,21;454
596;2204,06;453
597;2205,90;453
598;2207,75;452
599;2209,59;452
600;2211,43;452
601;2213,26;451
602;2215,10;451
603;2216,94;451
604;2218,77;450
605;2220,60;450
606;2222,43;449
607;2224,26;449
608;2226,09;449
609;2227,92;448
610;2229,74;448
611;2231,56;448
612;2233,39;447
613;2235,21;447
614;2237,03;447
615;2238,84;446
616;2240,66;446
617;2242,47;445
618;2244,29;445
619;2246,10;445
620;2247,91;444
621;2249,72;444
622;2251,52;444
623;2253,33;443
624;2255,13;443
625;2256,94;443
626;2258,74;442
627;2260,54;442
628;2262,34;442
629;2264,13;441
630;2265,93;441
631;2267,72;440
632;2269,51;440
633;2271,31;440
634;2273,10;439
635;2274,88;439
636;2276,67;439
637;2278,46;438
638;2280,24;438
639;2282,02;438
640;2283,81;437
641;2285,59;437
642;2287,36;437
643;2289,14;436
644;2290,92;436
645;2292,69;436
646;2294,47;435
647;2296,24;435
648;2298,01;435
649;2299,78;434
650;2301,54;434
651;2303,31;434
652;2305,08;433
653;2306,84;433
654;2308,60;433
655;2310,36;432
656;2312,12;432
657;2313,88;432
658;2315,64;431
659;2317,39;431
660;2319,15;431
661;2320,90;430
662;2322,65;430
663;2324,40;430
664;2326,15;429
665;2327,90;429
666;2329,65;429
667;2331,39;428
668;2333,14;428
669;2334,88;428
670;2336,62;427
671;2338,36;427
672;2340,10;427
673;2341,84;427
674;2343,57;426
675;2345,31;426
676;2347,04;426
677;2348,77;425
678;2350,50;425
679;2352,23;425
680;2353,96;424
681;2355,69;424
682;2357,41;424
683;2359,14;423
684;2360,86;423
685;2362,58;423
686;2364,30;422
687;2366,02;422
688;2367,74;422
689;2369,46;422
690;2371,17;421
691;2372,89;421
692;2374,60;421
693;2376,32;420
694;2378,03;420
695;2379,74;420
696;2381,44;419
697;2383,15;419
698;2384,86;419
699;2386,56;419
700;2388,27;418
701;2389,97;418
702;2391,67;418
703;2393,37;417
704;2395,07;417
705;2396,77;417
706;2398,46;416
707;2400,16;416
708;2401,85;416
709;2403,54;416
710;2405,23;415
711;2406,92;415
712;2408,61;415
713;2410,30;414
714;2411,99;414
715;2413,67;414
716;2415,36;414
717;2417,04;413
718;2418,72;413
719;2420,40;413
720;2422,08;412
721;2423,76;412
722;2425,44;412
723;2427,12;412
724;2428,79;411
725;2430,47;411
726;2432,14;411
727;2433,81;410
728;2435,48;410
729;2437,15;410
730;2438,82;410
731;2440,49;409
732;2442,15;409
733;2443,82;409
734;2445,48;408
735;2447,14;408
736;2448,80;408
737;2450,46;408
738;2452,12;407
739;2453,78;407
740;2455,44;407
741;2457,09;406
742;2458,75;406
743;2460,40;406
744;2462,05;406
745;2463,71;405
746;2465,36;405
747;2467,00;405
748;2468,65;405
749;2470,30;404
750;2471,95;404
751;2473,59;404
752;2475,23;404
753;2476,88;403
754;2478,52;403
755;2480,16;403
756;2481,80;402
757;2483,44;402
758;2485,07;402
759;2486,71;402
760;2488,34;401
761;2489,98;401
762;2491,61;401
763;2493,24;401
764;2494,87;400
765;2496,50;400
766;2498,13;400
767;2499,76;400
768;2501,38;399
769;2503,01;399
770;2504,63;399
771;2506,26;399
772;2507,88;398
773;2509,50;398
774;2511,12;398
775;2512,74;397
776;2514,36;397
777;2515,98;397
778;2517,59;397
779;2519,21;396
780;2520,82;396
781;2522,43;396
782;2524,05;396
783;2525,66;395
784;2527,27;395
785;2528,87;395
786;2530,48;395
787;2532,09;394
788;2533,69;394
789;2535,30;394
790;2536,90;394
791;2538,51;393
792;2540,11;393
793;2541,71;393
794;2543,31;393
795;2544,91;392
796;2546,50;392
797;2548,10;392
798;2549,70;392
799;2551,29;391
800;2552,88;391
801;2554,48;391
802;2556,07;391
803;2557,66;390
804;2559,25;390
805;2560,84;390
806;2562,42;390
807;2564,01;390
808;2565,60;389
809;2567,18;389
810;2568,77;389
811;2570,35;389
812;2571,93;388
813;2573,51;388
814;2575,09;388
815;2576,67;388
816;2578,25;387
817;2579,82;387
818;2581,40;387
819;2582,98;387
820;2584,55;386
821;2586,12;386
822;2587,69;386
823;2589,27;386
824;2590,84;385
825;2592,41;385
826;2593,97;385
827;2595,54;385
828;2597,11;385
829;2598,67;384
830;2600,24;384
831;2601,80;384
832;2603,36;384
833;2604,93;383
834;2606,49;383
835;2608,05;383
836;2609,60;383
837;2611,16;382
838;2612,72;382
839;2614,28;382
840;2615,83;382
841;2617,39;382
842;2618,94;381
843;2620,49;381
844;2622,04;381
845;2623,59;381
846;2625,14;380
847;2626,69;380
848;2628,24;380
849;2629,79;380
850;2631,33;380
851;2632,88;379
852;2634,42;379
853;2635,97;379
854;2637,51;379
855;2639,05;378
856;2640,59;378
857;2642,13;378
858;2643,67;378
859;2645,21;378
860;2646,74;377
861;2648,28;377
862;2649,82;377
863;2651,35;377
864;2652,88;376
865;2654,42;376
866;2655,95;376
867;2657,48;376
868;2659,01;376
869;2660,54;375
870;2662,07;375
871;2663,59;375
872;2665,12;375
873;2666,64;375
874;2668,17;374
875;2669,69;374
876;2671,22;374
877;2672,74;374
878;2674,26;373
879;2675,78;373
880;2677,30;373
881;2678,82;373
882;2680,34;373
883;2681,85;372
884;2683,37;372
885;2684,88;372
886;2686,40;372
887;2687,91;372
888;2689,42;371
889;2690,94;371
890;2692,45;371
891;2693,96;371
892;2695,47;370
893;2696,97;370
894;2698,48;370
895;2699,99;370
896;2701,49;370
897;2703,00;369
898;2704,50;369
899;2706,01;369
900;2707,51;369
901;2709,01;369
902;2710,51;368
903;2712,01;368
904;2713,51;368
905;2715,01;368
906;2716,51;368
907;2718,00;367
908;2719,50;367
909;2721,00;367
910;2722,49;367
911;2723,98;367
912;2725,48;366
913;2726,97;366
914;2728,46;366
915;2729,95;366
916;2731,44;366
917;2732,93;365
918;2734,41;365
919;2735,90;365
920;2737,39;365
921;2738,87;365
922;2740,36;364
923;2741,84;364
924;2743,32;364
925;2744,81;364
926;2746,29;364
927;2747,77;363
928;2749,25;363
929;2750,73;363
930;2752,20;363
931;2753,68;363
932;2755,16;362
933;2756,63;362
934;2758,11;362
935;2759,58;362
936;2761,06;362
937;2762,53;361
938;2764,00;361
939;2765,47;361
940;2766,94;361
941;2768,41;361
942;2769,88;361
943;2771,35;360
944;2772,82;360
945;2774,28;360
946;2775,75;360
947;2777,21;360
948;2778,68;359
949;2780,14;359
950;2781,60;359
951;2783,06;359
952;2784,52;359
953;2785,98;358
954;2787,44;358
955;2788,90;358
956;2790,36;358
957;2791,82;358
958;2793,27;358
959;2794,73;357
960;2796,18;357
961;2797,64;357
962;2799,09;357
963;2800,54;357
964;2802,00;356
965;2803,45;356
966;2804,90;356
967;2806,35;356
968;2807,80;356
969;2809,24;355
970;2810,69;355
971;2812,14;355
972;2813,58;355
973;2815,03;355
974;2816,47;355
975;2817,92;354
976;2819,36;354
977;2820,80;354
978;2822,24;354
979;2823,68;354
980;2825,12;353
981;2826,56;353
982;2828,00;353
983;2829,44;353
984;2830,88;353
985;2832,31;353
986;2833,75;352
987;2835,18;352
988;2836,62;352
989;2838,05;352
990;2839,48;352
991;2840,92;351
992;2842,35;351
993;2843,78;351
994;2845,21;351
995;2846,64;351
996;2848,06;351
997;2849,49;350
998;2850,92;350
999;2852,34;350
1000;2853,77;350
1001;2855,20;350
1002;2856,62;350
1003;2858,04;349
1004;2859,47;349
1005;2860,89;349
1006;2862,31;349
1007;2863,73;349
1008;2865,15;349
1009;2866,57;348
1010;2867,99;348
1011;2869,40;348
1012;2870,82;348
1013;2872,24;348
1014;2873,65;347
1015;2875,07;347
1016;2876,48;347
1017;2877,90;347
1018;2879,31;347
1019;2880,72;347
1020;2882,13;346
1021;2883,54;346
1022;2884,95;346
1023;2886,36;346
1024;2887,77;346
1025;2889,18;346
1026;2890,59;345
1027;2891,99;345
1028;2893,40;345
1029;2894,80;345
1030;2896,21;345
1031;2897,61;345
1032;2899,02;344
1033;2900,42;344
1034;2901,82;344
1035;2903,22;344
1036;2904,62;344
1037;2906,02;344
1038;2907,42;343
1039;2908,82;343
1040;2910,22;343
1041;2911,61;343
1042;2913,01;343
1043;2914,41;343
1044;2915,80;342
1045;2917,20;342
1046;2918,59;342
1047;2919,98;342
1048;2921,38;342
1049;2922,77;342
1050;2924,16;341
1051;2925,55;341
1052;2926,94;341
1053;2928,33;341
1054;2929,72;341
1055;2931,10;341
1056;2932,49;341
1057;2933,88;340
1058;2935,26;340
1059;2936,65;340
1060;2938,03;340
1061;2939,42;340
1062;2940,80;340
1063;2942,18;339
1064;2943,57;339
1065;2944,95;339
1066;2946,33;339
1067;2947,71;339
1068;2949,09;339
1069;2950,47;338
1070;2951,84;338
1071;2953,22;338
1072;2954,60;338
1073;2955,97;338
1074;2957,35;338
1075;2958,73;337
1076;2960,10;337
1077;2961,47;337
1078;2962,85;337
1079;2964,22;337
1080;2965,59;337
1081;2966,96;337
1082;2968,33;336
1083;2969,70;336
1084;2971,07;336
1085;2972,44;336
1086;2973,81;336
1087;2975,17;336
1088;2976,54;335
1089;2977,91;335
1090;2979,27;335
1091;2980,64;335
1092;2982,00;335
1093;2983,36;335
1094;2984,73;335
1095;2986,09;334
1096;2987,45;334
1097;2988,81;334
1098;2990,17;334
1099;2991,53;334
1100;2992,89;334
1101;2994,25;333
1102;2995,61;333
1103;2996,97;333
1104;2998,32;333
1105;2999,68;333
1106;3001,03;333
1107;3002,39;333
1108;3003,74;332
1109;3005,10;332
1110;3006,45;332
1111;3007,80;332
1112;3009,15;332
1113;3010,51;332
1114;3011,86;332
1115;3013,21;331
1116;3014,56;331
1117;3015,90;331
1118;3017,25;331
1119;3018,60;331
1120;3019,95;331
1121;3021,29;330
1122;3022,64;330
1123;3023,99;330
1124;3025,33;330
1125;3026,67;330
1126;3028,02;330
1127;3029,36;330
1128;3030,70;329
1129;3032,04;329
1130;3033,38;329
1131;3034,73;329
1132;3036,07;329
1133;3037,40;329
1134;3038,74;329
1135;3040,08;328
1136;3041,42;328
1137;3042,76;328
1138;3044,09;328
1139;3045,43;328
1140;3046,76;328
1141;3048,10;328
1142;3049,43;327
1143;3050,76;327
1144;3052,10;327
1145;3053,43;327
1146;3054,76;327
1147;3056,09;327
1148;3057,42;327
1149;3058,75;326
1150;3060,08;326
1151;3061,41;326
1152;3062,74;326
1153;3064,07;326
1154;3065,39;326
1155;3066,72;326
1156;3068,05;325
1157;3069,37;325
1158;3070,70;325
1159;3072,02;325
1160;3073,34;325
1161;3074,67;325
1162;3075,99;325
1163;3077,31;324
1164;3078,63;324
1165;3079,95;324
1166;3081,27;324
1167;3082,59;324
1168;3083,91;324
1169;3085,23;324
1170;3086,55;323
1171;3087,87;323
1172;3089,18;323
1173;3090,50;323
1174;3091,82;323
1175;3093,13;323
1176;3094,44;323
1177;3095,76;323
1178;3097,07;322
1179;3098,39;322
1180;3099,70;322
1181;3101,01;322
1182;3102,32;322
1183;3103,63;322
1184;3104,94;322
1185;3106,25;321
1186;3107,56;321
1187;3108,87;321
1188;3110,18;321
1189;3111,48;321
1190;3112,79;321
1191;3114,10;321
1192;3115,40;320
1193;3116,71;320
1194;3118,01;320
1195;3119,32;320
1196;3120,62;320
1197;3121,92;320
1198;3123,23;320
1199;3124,53;320
1200;3125,83;319
1201;3127,13;319
1202;3128,43;319
1203;3129,73;319
1204;3131,03;319
1205;3132,33;319
1206;3133,63;319
1207;3134,92;318
1208;3136,22;318
1209;3137,52;318
1210;3138,81;318
1211;3140,11;318
1212;3141,40;318
1213;3142,70;318
1214;3143,99;318
1215;3145,28;317
1216;3146,58;317
1217;3147,87;317
1218;3149,16;317
1219;3150,45;317
1220;3151,74;317
1221;3153,03;317
1222;3154,32;317
1223;3155,61;316
1224;3156,90;316
1225;3158,19;316
1226;3159,48;316
1227;3160,76;316
1228;3162,05;316
1229;3163,34;316
1230;3164,62;315
1231;3165,91;315
1232;3167,19;315
1233;3168,47;315
1234;3169,76;315
1235;3171,04;315
1236;3172,32;315
1237;3173,60;315
1238;3174,89;314
1239;3176,17;314
1240;3177,45;314
1241;3178,73;314
1242;3180,01;314
1243;3181,28;314
1244;3182,56;314
1245;3183,84;314
1246;3185,12;313
1247;3186,39;313
1248;3187,67;313
1249;3188,94;313
1250;3190,22;313
1251;3191,49;313
1252;3192,77;313
1253;3194,04;313
1254;3195,32;312
1255;3196,59;312
1256;3197,86;312
1257;3199,13;312
1258;3200,40;312
1259;3201,67;312
1260;3202,94;312
1261;3204,21;312
1262;3205,48;311
1263;3206,75;311
1264;3208,02;311
1265;3209,29;311
1266;3210,55;311
1267;3211,82;311
1268;3213,08;311
1269;3214,35;311
1270;3215,62;310
1271;3216,88;310
1272;3218,14;310
1273;3219,41;310
1274;3220,67;310
1275;3221,93;310
1276;3223,19;310
1277;3224,46;310
1278;3225,72;310
1279;3226,98;309
1280;3228,24;309
1281;3229,50;309
1282;3230,76;309
1283;3232,01;309
1284;3233,27;309
1285;3234,53;309
1286;3235,79;309
1287;3237,04;308
1288;3238,30;308
1289;3239,56;308
1290;3240,81;308
1291;3242,07;308
1292;3243,32;308
1293;3244,57;308
1294;3245,83;308
1295;3247,08;307
1296;3248,33;307
1297;3249,58;307
1298;3250,83;307
1299;3252,09;307
1300;3253,34;307
1301;3254,59;307
1302;3255,84;307
1303;3257,08;307
1304;3258,33;306
1305;3259,58;306
1306;3260,83;306
1307;3262,07;306
1308;3263,32;306
1309;3264,57;306
1310;3265,81;306
1311;3267,06;306
1312;3268,30;305
1313;3269,55;305
1314;3270,79;305
1315;3272,03;305
1316;3273,28;305
1317;3274,52;305
1318;3275,76;305
1319;3277,00;305
1320;3278,24;305
1321;3279,48;304
1322;3280,72;304
1323;3281,96;304
1324;3283,20;304
1325;3284,44;304
1326;3285,68;304
1327;3286,92;304
1328;3288,15;304
1329;3289,39;304
1330;3290,62;303
1331;3291,86;303
1332;3293,10;303
1333;3294,33;303
1334;3295,57;303
1335;3296,80;303
1336;3298,03;303
1337;3299,27;303
1338;3300,50;302
1339;3301,73;302
1340;3302,96;302
1341;3304,19;302
1342;3305,42;302
1343;3306,65;302
1344;3307,88;302
1345;3309,11;302
1346;3310,34;302
1347;3311,57;301
1348;3312,80;301
1349;3314,03;301
1350;3315,25;301
1351;3316,48;301
1352;3317,70;301
1353;3318,93;301
1354;3320,16;301
1355;3321,38;301
1356;3322,60;300
1357;3323,83;300
1358;3325,05;300
1359;3326,27;300
1360;3327,50;300
1361;3328,72;300
1362;3329,94;300
1363;3331,16;300
1364;3332,38;300
1365;3333,60;299
1366;3334,82;299
1367;3336,04;299
1368;3337,26;299
1369;3338,48;299
1370;3339,70;299
1371;3340,92;299
1372;3342,13;299
1373;3343,35;299
1374;3344,57;298
1375;3345,78;298
1376;3347,00;298
1377;3348,21;298
1378;3349,43;298
1379;3350,64;298
1380;3351,85;298
1381;3353,07;298
1382;3354,28;298
1383;3355,49;298
1384;3356,70;297
1385;3357,91;297
1386;3359,13;297
1387;3360,34;297
1388;3361,55;297
1389;3362,76;297
1390;3363,96;297
1391;3365,17;297
1392;3366,38;297
1393;3367,59;296
1394;3368,80;296
1395;3370,00;296
1396;3371,21;296
1397;3372,42;296
1398;3373,62;296
1399;3374,83;296
1400;3376,03;296
1401;3377,24;296
1402;3378,44;295
1403;3379,64;295
1404;3380,85;295
1405;3382,05;295
1406;3383,25;295
1407;3384,45;295
1408;3385,66;295
1409;3386,86;295
1410;3388,06;295
1411;3389,26;295
1412;3390,46;294
1413;3391,66;294
1414;3392,86;294
1415;3394,05;294
1416;3395,25;294
1417;3396,45;294
1418;3397,65;294
1419;3398,84;294
1420;3400,04;294
1421;3401,24;294
1422;3402,43;293
1423;3403,63;293
1424;3404,82;293
1425;3406,02;293
1426;3407,21;293
1427;3408,40;293
1428;3409,60;293
1429;3410,79;293
1430;3411,98;293
1431;3413,17;292
1432;3414,36;292
1433;3415,55;292
1434;3416,75;292
1435;3417,94;292
1436;3419,13;292
1437;3420,31;292
1438;3421,50;292
1439;3422,69;292
1440;3423,88;292
1441;3425,07;291
1442;3426,25;291
1443;3427,44;291
1444;3428,63;291
1445;3429,81;291
1446;3431,00;291
1447;3432,18;291
1448;3433,37;291
1449;3434,55;291
1450;3435,74;291
1451;3436,92;290
1452;3438,10;290
1453;3439,29;290
1454;3440,47;290
1455;3441,65;290
1456;3442,83;290
1457;3444,01;290
1458;3445,19;290
1459;3446,37;290
1460;3447,55;290
1461;3448,73;289
1462;3449,91;289
1463;3451,09;289
1464;3452,27;289
1465;3453,45;289
1466;3454,63;289
1467;3455,80;289
1468;3456,98;289
1469;3458,16;289
1470;3459,33;289
1471;3460,51;288
1472;3461,68;288
1473;3462,86;288
1474;3464,03;288
1475;3465,20;288
1476;3466,38;288
1477;3467,55;288
1478;3468,72;288
1479;3469,90;288
1480;3471,07;288
1481;3472,24;287
1482;3473,41;287
1483;3474,58;287
1484;3475,75;287
1485;3476,92;287
1486;3478,09;287
1487;3479,26;287
1488;3480,43;287
1489;3481,60;287
1490;3482,77;287
1491;3483,93;287
1492;3485,10;286
1493;3486,27;286
1494;3487,43;286
1495;3488,60;286
1496;3489,76;286
1497;3490,93;286
1498;3492,09;286
1499;3493,26;286
1500;3494,42;286
1501;3495,59;286
1502;3496,75;285
1503;3497,91;285
1504;3499,07;285
1505;3500,24;285
1506;3501,40;285
1507;3502,56;285
1508;3503,72;285
1509;3504,88;285
1510;3506,04;285
1511;3507,20;285
1512;3508,36;285
1513;3509,52;284
1514;3510,68;284
1515;3511,84;284
1516;3512,99;284
1517;3514,15;284
1518;3515,31;284
1519;3516,47;284
1520;3517,62;284
1521;3518,78;284
1522;3519,93;284
1523;3521,09;284
1524;3522,24;283
1525;3523,40;283
1526;3524,55;283
1527;3525,71;283
1528;3526,86;283
1529;3528,01;283
1530;3529,17;283
1531;3530,32;283
1532;3531,47;283
1533;3532,62;283
1534;3533,77;282
1535;3534,92;282
1536;3536,07;282
1537;3537,22;282
1538;3538,37;282
1539;3539,52;282
1540;3540,67;282
1541;3541,82;282
1542;3542,97;282
1543;3544,11;282
1544;3545,26;282
1545;3546,41;281
1546;3547,56;281
1547;3548,70;281
1548;3549,85;281
1549;3550,99;281
1550;3552,14;281
1551;3553,28;281
1552;3554,43;281
1553;3555,57;281
1554;3556,72;281
1555;3557,86;281
1556;3559,00;280
1557;3560,14;280
1558;3561,29;280
1559;3562,43;280
1560;3563,57;280
1561;3564,71;280
1562;3565,85;280
1563;3566,99;280
1564;3568,13;280
1565;3569,27;280
1566;3570,41;280
1567;3571,55;279
1568;3572,69;279
1569;3573,83;279
1570;3574,96;279
1571;3576,10;279
1572;3577,24;279
1573;3578,38;279
1574;3579,51;279
1575;3580,65;279
1576;3581,78;279
1577;3582,92;279
1578;3584,05;279
1579;3585,19;278
1580;3586,32;278
1581;3587,46;278
1582;3588,59;278
1583;3589,72;278
1584;3590,86;278
1585;3591,99;278
1586;3593,12;278
1587;3594,25;278
1588;3595,38;278
1589;3596,51;278
1590;3597,65;277
1591;3598,78;277
1592;3599,91;277
1593;3601,04;277
1594;3602,16;277
1595;3603,29;277
1596;3604,42;277
1597;3605,55;277
1598;3606,68;277
1599;3607,80;277
1600;3608,93;277
1601;3610,06;277
1602;3611,18;276
1603;3612,31;276
1604;3613,44;276
1605;3614,56;276
1606;3615,69;276
1607;3616,81;276
1608;3617,94;276
1609;3619,06;276
1610;3620,18;276
1611;3621,31;276
1612;3622,43;276
1613;3623,55;275
1614;3624,67;275
1615;3625,80;275
1616;3626,92;275
1617;3628,04;275
1618;3629,16;275
1619;3630,28;275
1620;3631,40;275
1621;3632,52;275
1622;3633,64;275
1623;3634,76;275
1624;3635,88;275
1625;3637,00;274
1626;3638,11;274
1627;3639,23;274
1628;3640,35;274
1629;3641,47;274
1630;3642,58;274
1631;3643,70;274
1632;3644,82;274
1633;3645,93;274
1634;3647,05;274
1635;3648,16;274
1636;3649,28;274
1637;3650,39;273
1638;3651,50;273
1639;3652,62;273
1640;3653,73;273
1641;3654,84;273
1642;3655,96;273
1643;3657,07;273
1644;3658,18;273
1645;3659,29;273
1646;3660,40;273
1647;3661,51;273
1648;3662,62;273
1649;3663,74;272
1650;3664,85;272
1651;3665,95;272
1652;3667,06;272
1653;3668,17;272
1654;3669,28;272
1655;3670,39;272
1656;3671,50;272
1657;3672,60;272
1658;3673,71;272
1659;3674,82;272
1660;3675,93;272
1661;3677,03;271
1662;3678,14;271
1663;3679,24;271
1664;3680,35;271
1665;3681,45;271
1666;3682,56;271
1667;3683,66;271
1668;3684,77;271
1669;3685,87;271
1670;3686,97;271
1671;3688,08;271
1672;3689,18;271
1673;3690,28;270
1674;3691,38;270
1675;3692,48;270
1676;3693,58;270
1677;3694,69;270
1678;3695,79;270
1679;3696,89;270
1680;3697,99;270
1681;3699,09;270
1682;3700,19;270
1683;3701,28;270
1684;3702,38;270
1685;3703,48;270
1686;3704,58;269
1687;3705,68;269
1688;3706,77;269
1689;3707,87;269
1690;3708,97;269
1691;3710,06;269
1692;3711,16;269
1693;3712,26;269
1694;3713,35;269
1695;3714,45;269
1696;3715,54;269
1697;3716,64;269
1698;3717,73;268
1699;3718,82;268
1700;3719,92;268
1701;3721,01;268
1702;3722,10;268
1703;3723,20;268
1704;3724,29;268
1705;3725,38;268
1706;3726,47;268
1707;3727,56;268
1708;3728,65;268
1709;3729,74;268
1710;3730,84;268
1711;3731,92;267
1712;3733,01;267
1713;3734,10;267
1714;3735,19;267
1715;3736,28;267
1716;3737,37;267
1717;3738,46;267
1718;3739,55;267
1719;3740,63;267
1720;3741,72;267
1721;3742,81;267
1722;3743,89;267
1723;3744,98;267
1724;3746,07;266
1725;3747,15;266
1726;3748,24;266
1727;3749,32;266
1728;3750,41;266
1729;3751,49;266
1730;3752,57;266
1731;3753,66;266
1732;3754,74;266
1733;3755,82;266
1734;3756,91;266
1735;3757,99;266
1736;3759,07;266
1737;3760,15;265
1738;3761,23;265
1739;3762,31;265
1740;3763,40;265
1741;3764,48;265
1742;3765,56;265
1743;3766,64;265
1744;3767,72;265
1745;3768,80;265
1746;3769,87;265
1747;3770,95;265
1748;3772,03;265
1749;3773,11;265
1750;3774,19;264
1751;3775,26;264
1752;3776,34;264
1753;3777,42;264
1754;3778,49;264
1755;3779,57;264
1756;3780,65;264
1757;3781,72;264
1758;3782,80;264
1759;3783,87;264
1760;3784,95;264
1761;3786,02;264
1762;3787,10;264
1763;3788,17;263
1764;3789,24;263
1765;3790,32;263
1766;3791,39;263
1767;3792,46;263
1768;3793,53;263
1769;3794,61;263
1770;3795,68;263
1771;3796,75;263
1772;3797,82;263
1773;3798,89;263
1774;3799,96;263
1775;3801,03;263
1776;3802,10;263
1777;3803,17;262
1778;3804,24;262
1779;3805,31;262
1780;3806,38;262
1781;3807,44;262
1782;3808,51;262
1783;3809,58;262
1784;3810,65;262
1785;3811,72;262
1786;3812,78;262
1787;3813,85;262
1788;3814,91;262
1789;3815,98;262
1790;3817,05;261
1791;3818,11;261
1792;3819,18;261
1793;3820,24;261
1794;3821,31;261
1795;3822,37;261
1796;3823,43;261
1797;3824,50;261
1798;3825,56;261
1799;3826,62;261
1800;3827,69;261
1801;3828,75;261
1802;3829,81;261
1803;3830,87;261
1804;3831,93;260
1805;3833,00;260
1806;3834,06;260
1807;3835,12;260
1808;3836,18;260
1809;3837,24;260
1810;3838,30;260
1811;3839,36;260
1812;3840,42;260
1813;3841,47;260
1814;3842,53;260
1815;3843,59;260
1816;3844,65;260
1817;3845,71;260
1818;3846,76;259
1819;3847,82;259
1820;3848,88;259
1821;3849,94;259
1822;3850,99;259
1823;3852,05;259
1824;3853,10;259
1825;3854,16;259
1826;3855,21;259
1827;3856,27;259
1828;3857,32;259
1829;3858,38;259
1830;3859,43;259
1831;3860,48;259
1832;3861,54;258
1833;3862,59;258
1834;3863,64;258
1835;3864,70;258
1836;3865,75;258
1837;3866,80;258
1838;3867,85;258
1839;3868,90;258
1840;3869,95;258
1841;3871,01;258
1842;3872,06;258
1843;3873,11;258
1844;3874,16;258
1845;3875,21;258
1846;3876,25;257
1847;3877,30;257
1848;3878,35;257
1849;3879,40;257
1850;3880,45;257
1851;3881,50;257
1852;3882,54;257
1853;3883,59;257
1854;3884,64;257
1855;3885,69;257
1856;3886,73;257
1857;3887,78;257
1858;3888,82;257
1859;3889,87;257
1860;3890,92;257
1861;3891,96;256
1862;3893,01;256
1863;3894,05;256
1864;3895,09;256
1865;3896,14;256
1866;3897,18;256
1867;3898,23;256
1868;3899,27;256
1869;3900,31;256
1870;3901,35;256
1871;3902,40;256
1872;3903,44;256
1873;3904,48;256
1874;3905,52;256
1875;3906,56;255
1876;3907,60;255
1877;3908,65;255
1878;3909,69;255
1879;3910,73;255
1880;3911,77;255
1881;3912,80;255
1882;3913,84;255
1883;3914,88;255
1884;3915,92;255
1885;3916,96;255
1886;3918,00;255
1887;3919,04;255
1888;3920,07;255
1889;3921,11;255
1890;3922,15;254
1891;3923,18;254
1892;3924,22;254
1893;3925,26;254
1894;3926,29;254
1895;3927,33;254
1896;3928,36;254
1897;3929,40;254
1898;3930,43;254
1899;3931,47;254
1900;3932,50;254
1901;3933,54;254
1902;3934,57;254
1903;3935,60;254
1904;3936,64;254
1905;3937,67;253
1906;3938,70;253
1907;3939,74;253
1908;3940,77;253
1909;3941,80;253
1910;3942,83;253
1911;3943,86;253
1912;3944,89;253
1913;3945,93;253
1914;3946,96;253
1915;3947,99;253
1916;3949,02;253
1917;3950,05;253
1918;3951,08;253
1919;3952,10;253
1920;3953,13;252
1921;3954,16;252
1922;3955,19;252
1923;3956,22;252
1924;3957,25;252
1925;3958,27;252
1926;3959,30;252
1927;3960,33;252
1928;3961,36;252
1929;3962,38;252
1930;3963,41;252
1931;3964,43;252
1932;3965,46;252
1933;3966,49;252
1934;3967,51;252
1935;3968,54;251
1936;3969,56;251
1937;3970,58;251
1938;3971,61;251
1939;3972,63;251
1940;3973,66;251
1941;3974,68;251
1942;3975,70;251
1943;3976,73;251
1944;3977,75;251
1945;3978,77;251
1946;3979,79;251
1947;3980,81;251
1948;3981,84;251
1949;3982,86;251
1950;3983,88;251
1951;3984,90;250
1952;3985,92;250
1953;3986,94;250
1954;3987,96;250
1955;3988,98;250
1956;3990,00;250
1957;3991,02;250
1958;3992,04;250
1959;3993,05;250
1960;3994,07;250
1961;3995,09;250
1962;3996,11;250
1963;3997,13;250
1964;3998,14;250
1965;3999,16;250
1966;4000,18;249
1967;4001,19;249
1968;4002,21;249
1969;4003,23;249
1970;4004,24;249
1971;4005,26;249
1972;4006,27;249
1973;4007,29;249
1974;4008,30;249
1975;4009,32;249
1976;4010,33;249
1977;4011,35;249
1978;4012,36;249
1979;4013,37;249
1980;4014,39;249
1981;4015,40;249
1982;4016,41;248
1983;4017,42;248
1984;4018,44;248
1985;4019,45;248
1986;4020,46;248
1987;4021,47;248
1988;4022,48;248
1989;4023,49;248
1990;4024,51;248
1991;4025,52;248
1992;4026,53;248
1993;4027,54;248
1994;4028,55;248
1995;4029,55;248
1996;4030,56;248
1997;4031,57;248
1998;4032,58;247
1999;4033,59;247
2000;4034,60;247